{"cameraMode":{"drawMode":0,"name":"Shaded","section":"Shading Mode"},"sceneLighting":true,"audioPlay":false,"sceneViewState":{"showFog":false,"showMaterialUpdate":false,"showSkybox":false,"showFlares":false,"showImageEffects":false,"showParticleSystems":false},"in2DMode":false,"pivot":{"x":-0.4841099977493286,"y":-0.03248023986816406,"z":4.721604824066162},"rotation":{"x":0.5460161566734314,"y":0.08262697607278824,"z":-0.054230548441410068,"w":0.8319276571273804},"size":5.608903884887695,"orthographic":false}