{"cameraMode":{"drawMode":0,"name":"Shaded","section":"Shading Mode"},"sceneLighting":true,"audioPlay":false,"sceneViewState":{"showFog":false,"showMaterialUpdate":false,"showSkybox":false,"showFlares":false,"showImageEffects":false,"showParticleSystems":false},"in2DMode":false,"pivot":{"x":-0.7651033401489258,"y":-3.4196901321411135,"z":-0.6021451950073242},"rotation":{"x":0.5157952308654785,"y":0.05773234739899635,"z":-0.03486676514148712,"w":0.8540534973144531},"size":4.600263595581055,"orthographic":false}