{"cameraMode":{"drawMode":0,"name":"Shaded","section":"Shading Mode"},"sceneLighting":true,"audioPlay":false,"sceneViewState":{"showFog":false,"showMaterialUpdate":false,"showSkybox":false,"showFlares":false,"showImageEffects":false,"showParticleSystems":false},"in2DMode":false,"pivot":{"x":44.78925704956055,"y":16.647151947021486,"z":-42.34063720703125},"rotation":{"x":0.4557483196258545,"y":0.1399490386247635,"z":-0.07279666513204575,"w":0.8760262727737427},"size":21.844642639160158,"orthographic":false}