{"cameraMode":{"drawMode":0,"name":"Shaded","section":"Shading Mode"},"sceneLighting":false,"audioPlay":false,"sceneViewState":{"showFog":false,"showMaterialUpdate":false,"showSkybox":false,"showFlares":false,"showImageEffects":false,"showParticleSystems":false},"in2DMode":false,"pivot":{"x":21.15934181213379,"y":2.233672618865967,"z":-13.958609580993653},"rotation":{"x":0.3213493824005127,"y":-0.6674237847328186,"z":0.39439284801483157,"w":0.5438277125358582},"size":10.722835540771485,"orthographic":false}