{"cameraMode":{"drawMode":0,"name":"Shaded","section":"Shading Mode"},"sceneLighting":false,"audioPlay":false,"sceneViewState":{"showFog":false,"showMaterialUpdate":false,"showSkybox":false,"showFlares":false,"showImageEffects":false,"showParticleSystems":false},"in2DMode":false,"pivot":{"x":-12.73151683807373,"y":4.582922458648682,"z":-6.842738628387451},"rotation":{"x":0.44198527932167055,"y":-0.13130280375480653,"z":0.0655888170003891,"w":0.8849396705627441},"size":16.19922637939453,"orthographic":false}