{"cameraMode":{"drawMode":0,"name":"Shaded","section":"Shading Mode"},"sceneLighting":true,"audioPlay":false,"sceneViewState":{"showFog":false,"showMaterialUpdate":false,"showSkybox":false,"showFlares":false,"showImageEffects":false,"showParticleSystems":false},"in2DMode":false,"pivot":{"x":0.9923433661460877,"y":-1.5264811515808106,"z":4.067788124084473},"rotation":{"x":0.38894012570381167,"y":0.3092101812362671,"z":-0.14043205976486207,"w":0.8563897609710693},"size":7.148161888122559,"orthographic":false}