{"cameraMode":{"drawMode":0,"name":"Shaded","section":"Shading Mode"},"sceneLighting":true,"audioPlay":false,"sceneViewState":{"showFog":false,"showMaterialUpdate":false,"showSkybox":false,"showFlares":false,"showImageEffects":false,"showParticleSystems":false},"in2DMode":false,"pivot":{"x":-15.864144325256348,"y":9.547978401184082,"z":3.8981595039367677},"rotation":{"x":0.023162001743912698,"y":-0.9580075740814209,"z":0.27414312958717348,"w":0.08095952868461609},"size":4.9005961418151859,"orthographic":false}