{"cameraMode":{"drawMode":0,"name":"Shaded","section":"Shading Mode"},"sceneLighting":true,"audioPlay":false,"sceneViewState":{"showFog":false,"showMaterialUpdate":false,"showSkybox":false,"showFlares":false,"showImageEffects":false,"showParticleSystems":false},"in2DMode":false,"pivot":{"x":32.617332458496097,"y":-35.74461364746094,"z":9.90250015258789},"rotation":{"x":0.44198527932167055,"y":-0.13130280375480653,"z":0.0655888170003891,"w":0.8849396705627441},"size":42.697357177734378,"orthographic":false}