{"cameraMode":{"drawMode":0,"name":"Shaded","section":"Shading Mode"},"sceneLighting":true,"audioPlay":false,"sceneViewState":{"showFog":false,"showMaterialUpdate":false,"showSkybox":false,"showFlares":false,"showImageEffects":false,"showParticleSystems":false},"in2DMode":false,"pivot":{"x":11.10710334777832,"y":-45.26072692871094,"z":-4.513369560241699},"rotation":{"x":-0.22387218475341798,"y":0.7717972993850708,"z":-0.3716880679130554,"w":-0.46485576033592226},"size":35.06483840942383,"orthographic":false}