{"cameraMode":{"drawMode":0,"name":"Shaded","section":"Shading Mode"},"sceneLighting":true,"audioPlay":false,"sceneViewState":{"showFog":false,"showMaterialUpdate":false,"showSkybox":false,"showFlares":false,"showImageEffects":false,"showParticleSystems":false},"in2DMode":false,"pivot":{"x":102.1790771484375,"y":39.54312515258789,"z":-28.30556869506836},"rotation":{"x":-0.0018998527666553856,"y":-0.7100674510002136,"z":0.7041459083557129,"w":-0.0019097449257969857},"size":11.639477729797364,"orthographic":false}