{"cameraMode":{"drawMode":0,"name":"Shaded","section":"Shading Mode"},"sceneLighting":false,"audioPlay":false,"sceneViewState":{"showFog":false,"showMaterialUpdate":false,"showSkybox":false,"showFlares":false,"showImageEffects":false,"showParticleSystems":false},"in2DMode":false,"pivot":{"x":6.859276294708252,"y":-7.082125663757324,"z":-15.584647178649903},"rotation":{"x":0.32652220129966738,"y":0.4818752706050873,"z":-0.19959913194179536,"w":0.7882586717605591},"size":11.791723251342774,"orthographic":false}