{"cameraMode":{"drawMode":0,"name":"Shaded","section":"Shading Mode"},"sceneLighting":false,"audioPlay":false,"sceneViewState":{"showFog":false,"showMaterialUpdate":false,"showSkybox":false,"showFlares":false,"showImageEffects":false,"showParticleSystems":false},"in2DMode":false,"pivot":{"x":-0.22957146167755128,"y":0.16842791438102723,"z":0.3172939717769623},"rotation":{"x":0.10358630865812302,"y":0.8286964297294617,"z":-0.16341936588287354,"w":0.5252053141593933},"size":0.27645179629325869,"orthographic":false}