{"cameraMode":{"drawMode":0,"name":"Shaded","section":"Shading Mode"},"sceneLighting":true,"audioPlay":false,"sceneViewState":{"showFog":false,"showMaterialUpdate":false,"showSkybox":false,"showFlares":false,"showImageEffects":false,"showParticleSystems":false},"in2DMode":false,"pivot":{"x":3.2275547981262209,"y":3.612694501876831,"z":45.24460220336914},"rotation":{"x":-0.13389472663402558,"y":0.8253507614135742,"z":-0.21992789208889008,"w":-0.5025150179862976},"size":16.600330352783204,"orthographic":false}