{"cameraMode":{"drawMode":0,"name":"Shaded","section":"Shading Mode"},"sceneLighting":true,"audioPlay":false,"sceneViewState":{"showFog":false,"showMaterialUpdate":false,"showSkybox":false,"showFlares":false,"showImageEffects":false,"showParticleSystems":false},"in2DMode":false,"pivot":{"x":-19.899188995361329,"y":-36.03374481201172,"z":29.35519790649414},"rotation":{"x":-0.22387218475341798,"y":0.7717972993850708,"z":-0.3716880679130554,"w":-0.46485576033592226},"size":47.188697814941409,"orthographic":false}